Table Name,Primary Key,Other Columns ,Sample,Max Rows,timestamp Column,join table,join column
MGPH.ORD_VIAL_VER_HIST,VIAL_VER_HIST_ID,to_char(VIAL_VER_HIST_ID) as VIAL_VER_HIST_ID|to_char(VIAL_ID) as VIAL_ID|STATUS|to_char(DISPENSING_HIST_ID) as DISPENSING_HIST_ID,5,10000,,,
MGPH.OS3_DAYS_IN_HOUSE,ID,to_char(ID) as ID|to_char(CLIENT_COMPANY_ID) as CLIENT_COMPANY_ID,5,10000,,,
MGPH.ZONE_TYPE,ZONE_TYPE_ID,to_char(ZONE_TYPE_ID) as ZONE_TYPE_ID|PICK_ORDER|DESCRIPTION,5,10000,,,
MGPH.INV_LOCATION_TYPE,TYPE_ID,to_char(TYPE_ID) as TYPE_ID|NAME|DESCRIPTION,5,10000,,,
MGPH.SHP_SERVICE,ID,to_char(ID) as ID|to_char(SHOP_CODE_ID) as SHOP_CODE_ID|NAME,5,10000,,,
MGPH.HVF_MODULES,HVFM_ID,to_char(HVFM_ID) as HVFM_ID|FILLER_NUMBER|to_char(LOCATION_ID) as LOCATION_ID|STATUS,5,10000,,,
MGPH.UOU_MACHINE,UOU_MACHINE_ID,to_char(UOU_MACHINE_ID) as UOU_MACHINE_ID|to_char(LOCATION_ID) as LOCATION_ID,5,10000,,,
MGPH.INV_DRUG,DRUG_ID,to_char(DRUG_ID) as DRUG_ID|DESCRIPTION|STATUS,5,10000,,,
MGPH.UOU_SHELF,ID,to_char(ID) as ID|SHELF_NUMBER|to_char(UOU_MACHINE_ID) as UOU_MACHINE_ID|to_char(LOCATION_ID) as LOCATION_ID,5,10000,,,
MGPH.INV_LOCATION_HIERARCHY,CHILD_ID,to_char(PARENT_ID) as PARENT_ID|to_char(CHILD_ID) as CHILD_ID,5,10000,,,
MGPH.INV_BRAND_DRUG,BRAND_DRUG_ID,to_char(BRAND_DRUG_ID) as BRAND_DRUG_ID,5,10000,,,
MGPH.SEC_USERS,USER_ID,to_char(USER_ID) as USER_ID|USER_NAME|REAL_NAME,5,10000,,,
MGPH.INV_UPC,UPC_ID,to_char(UPC_ID) as UPC_ID|NDC|ALLOW_NON_PHARMA_VERIFICATION,5,10000,,,
MGPH.INV_LOCATION,LOCATION_ID,to_char(LOCATION_ID) as LOCATION_ID|to_char(TYPE_ID) as TYPE_ID|STATUS|to_char(ZONE_TYPE_ID) as ZONE_TYPE_ID,10,10000,,,
MGPH.ORD_PACK_AUDIT,PACK_AUDIT_ID,to_char(PACK_AUDIT_ID) as PACK_AUDIT_ID|ESI_ORDER_NUMBER,5,10000,,,
MGPH.ORD_VIRTUAL_RX,VIRTUAL_GROUP_ID,to_char(VIRTUAL_GROUP_ID) as VIRTUAL_GROUP_ID|to_char(ORDER_ID) as ORDER_ID|to_char(RX_ID) as RX_ID|to_char(LOCATION_ID) as LOCATION_ID,5,10000,,,
MGPH.APPLICATION,APPLICATION_ID,to_char(APPLICATION_ID) as APPLICATION_ID|to_char(APPLICATION_TYPE_ID) as APPLICATION_TYPE_ID,5,10000,,,
MGPH.INV_CONTAINER_FILL,INV_CONTAINER_FILL_ID,to_char(INV_CONTAINER_FILL_ID) as INV_CONTAINER_FILL_ID|to_char(LOCATION_ID) as LOCATION_ID|to_char(BRAND_DRUG_ID) as BRAND_DRUG_ID|LOT_NUMBER,5,10000,,,
MGPH.UOU_LANES_2,ID,to_char(ID) as ID|to_char(SHELF_ID) as SHELF_ID,10,10000,,,
MGPH.INV_CONTAINER_FILL_DETAIL,INV_CONTAINER_FILL_ID,to_char(INV_CONTAINER_FILL_ID) as INV_CONTAINER_FILL_ID|SEQ_NO|LOT_NUMBER|EXP_DT|QTY,5,10000,,,
MGPH.HVF_CANISTERS,CANISTER_ID,to_char(CANISTER_ID) as CANISTER_ID|to_char(HVFM_ID) as HVFM_ID|CANISTER_NUMBER|STATUS|to_char(LOCATION_ID) as LOCATION_ID|to_char(BRAND_DRUG_ID) as BRAND_DRUG_ID,5,10000,,,
MGPH.INV_INVENTORY_ITEMS,ITEM_ID,to_char(ITEM_ID) as ITEM_ID|to_char(BRAND_DRUG_ID) as BRAND_DRUG_ID|to_char(UPC_ID) as UPC_ID|to_char(LOCATION_ID) as LOCATION_ID|REQUIRE_PHARMACIST_ALERT,10,10000,,,
MGPH.EVENT_LOG,EVENT_ID,to_char(EVENT_ID) as EVENT_ID|to_char(APPLICATION_ID) as APPLICATION_ID,5,10000,,,
MGPH.HOST_ORDER,HOST_ORDER_ID,to_char(HOST_ORDER_ID) as HOST_ORDER_ID,5,10000,,,
MGPH.INV_DISPENSING_HISTORY,DISPENSING_HISTORY_ID,to_char(DISPENSING_HISTORY_ID) as DISPENSING_HISTORY_ID|DISPENSING_DATE|to_char(ITEM_ID) as ITEM_ID|LOT_NUMBER|to_char(VIAL_ID) as VIAL_ID,5,10000,,,
MGPH.HOST_RX,HOST_RX_ID,to_char(HOST_RX_ID) as HOST_RX_ID|to_char(HOST_ORDER_ID) as HOST_ORDER_ID,5,10000,,,
MGPH.ORD_ORDER,ORDER_ID,to_char(ORDER_ID) as ORDER_ID|to_char(HOST_ORDER_ID) as HOST_ORDER_ID,5,10000,,,
MGPH.TRK_TRACKING,TRACKING_ID,to_char(TRACKING_ID) as TRACKING_ID|to_char(VIAL_ID) as VIAL_ID|to_char(RX_ID) as RX_ID|to_char(ORDER_ID) as ORDER_ID|to_char(ACTIVITY_ID) as ACTIVITY_ID,5,10000,,,
MGPH.ESI_ORDER_RECEIVED,ORDER_ID,to_char(ORDER_ID) as ORDER_ID|esi_order_number,5,10000,,,
MGPH.SHP_TRACKING,SHP_TRACKING_ID,to_char(ORDER_ID) as ORDER_ID|to_char(SHP_TRACKING_ID) as SHP_TRACKING_ID|WEIGHT_STATUS|SHIP_STATUS|PACK_STATUS,10,10000,,,
MGPH.ORD_VIALS,VIAL_ID,to_char(VIAL_ID) as VIAL_ID|to_char(RX_ID) as RX_ID|to_char(ORDER_ID) as ORDER_ID|to_char(ASSIGNED_LOC_ID) as ASSIGNED_LOC_ID|STATUS,10,10000,,,
MGPH.ORD_RX,RX_ID,to_char(RX_ID) as RX_ID|to_char(ORDER_ID) as ORDER_ID|to_char(HOST_RX_ID) as HOST_RX_ID|to_char(BRAND_DRUG_ID) as BRAND_DRUG_ID|STATUS,10,10000,,,
MGPH.IFIXALARMS,TAGNAME,ALARM_DATE|TAGNAME|TAGDESCRIPTION|ALARMSTATUS,5,10000,,,
